{
  "forecast_h1": {
    "Ridge": {
      "RMSE": 294.6776214958707,
      "MAE": 233.1589294649794,
      "R2": 0.7889122858301656,
      "n_samples": 1409,
      "cv_rmse": 495.5573838132458
    },
    "RandomForest": {
      "RMSE": 2022.3443709282967,
      "MAE": 1830.6600403366574,
      "R2": -8.942116928802923,
      "n_samples": 1409,
      "cv_rmse": 733.6325540293426
    },
    "GradientBoosting": {
      "RMSE": 1936.1908147073323,
      "MAE": 1662.3187938077974,
      "R2": -8.11307525139417,
      "n_samples": 1409,
      "cv_rmse": 591.2999102803988
    },
    "Ensemble": {
      "RMSE": 642.656552345693,
      "MAE": 539.554812032818,
      "R2": -0.003983383798292328,
      "n_samples": 1409,
      "cv_rmse": 0.0
    }
  },
  "forecast_h2": {
    "Ridge": {
      "RMSE": 290.13690362494566,
      "MAE": 229.64323403399487,
      "R2": 0.7951528060702816,
      "n_samples": 1408,
      "cv_rmse": 495.8878849634242
    },
    "RandomForest": {
      "RMSE": 1955.5649711632943,
      "MAE": 1771.257328715192,
      "R2": -8.306118411958321,
      "n_samples": 1408,
      "cv_rmse": 711.2643610571165
    },
    "GradientBoosting": {
      "RMSE": 1930.9205102532922,
      "MAE": 1658.735891890245,
      "R2": -8.073040860200212,
      "n_samples": 1408,
      "cv_rmse": 583.4688117071972
    },
    "Ensemble": {
      "RMSE": 631.5989014311469,
      "MAE": 531.8270103667076,
      "R2": 0.02925132304383604,
      "n_samples": 1408,
      "cv_rmse": 0.0
    }
  },
  "forecast_h3": {
    "Ridge": {
      "RMSE": 228.71061652513134,
      "MAE": 177.04537765084737,
      "R2": 0.8725750800037851,
      "n_samples": 1407,
      "cv_rmse": 487.5164945750606
    },
    "RandomForest": {
      "RMSE": 2086.742553300269,
      "MAE": 1933.5190110166998,
      "R2": -9.607656921598158,
      "n_samples": 1407,
      "cv_rmse": 751.9465704104089
    },
    "GradientBoosting": {
      "RMSE": 1904.189656972096,
      "MAE": 1636.1494327227858,
      "R2": -7.832875805773197,
      "n_samples": 1407,
      "cv_rmse": 583.4848408843385
    },
    "Ensemble": {
      "RMSE": 495.78160458823675,
      "MAE": 407.3525326029105,
      "R2": 0.4012265463631274,
      "n_samples": 1407,
      "cv_rmse": 0.0
    }
  },
  "forecast_h4": {
    "Ridge": {
      "RMSE": 281.3710775242076,
      "MAE": 224.70480050852038,
      "R2": 0.8069363554117757,
      "n_samples": 1406,
      "cv_rmse": 483.39314876025645
    },
    "RandomForest": {
      "RMSE": 2024.1846789985957,
      "MAE": 1844.0824096476777,
      "R2": -8.991756913322812,
      "n_samples": 1406,
      "cv_rmse": 724.6697119482426
    },
    "GradientBoosting": {
      "RMSE": 1866.4404275987838,
      "MAE": 1599.5327224699015,
      "R2": -7.4951266620142505,
      "n_samples": 1406,
      "cv_rmse": 587.2374310774936
    },
    "Ensemble": {
      "RMSE": 617.2696803707677,
      "MAE": 523.864485445805,
      "R2": 0.07083790667778,
      "n_samples": 1406,
      "cv_rmse": 0.0
    }
  },
  "nowcast_h1": {
    "Ridge": {
      "RMSE": 154.54918298221517,
      "MAE": 115.11888274534091,
      "R2": 0.9419366522143969,
      "n_samples": 1409,
      "cv_rmse": 319.6152593848726
    },
    "RandomForest": {
      "RMSE": 1564.2230254933384,
      "MAE": 1399.561993183451,
      "R2": -4.94793199450745,
      "n_samples": 1409,
      "cv_rmse": 597.9782430688867
    },
    "GradientBoosting": {
      "RMSE": 1185.3399906284506,
      "MAE": 996.582493084348,
      "R2": -2.415501803274834,
      "n_samples": 1409,
      "cv_rmse": 533.1182240969271
    },
    "Ensemble": {
      "RMSE": 247.5735937812188,
      "MAE": 209.41720267416326,
      "R2": 0.8510030812354108,
      "n_samples": 1409,
      "cv_rmse": 0.0
    }
  }
}