Country,Model,Test_RMSE,Test_MAE,Test_R2,Test_MAPE
uk,Linear Regression,1.9238805719256826,1.3198936425610792,0.48229685662834043,245.0590234080055
uk,Ridge,2.5452083725294843,1.871885305755593,0.09391013987946184,269.5476208170806
uk,LASSO,2.6798185197931206,1.9055592331827633,-0.004466257281334318,240.97439214159704
uk,Random Forest,2.7254608945469934,1.919985625346468,-0.03897355614410669,247.08146175470276
uk,XGBoost,2.6952901480286138,1.4428135414217302,-0.01609808213008268,144.9611297786135
uk,Gradient Boosting,2.7088462952644803,1.3813081477114686,-0.026344856342076062,136.1350035855907
uk,Stacking Ensemble,2.9932054844257063,2.3675753928260628,-0.25313438995716764,299.98719244294057
