Country,Model,Test_RMSE,Test_MAE,Test_R2,Test_MAPE
usa,Linear Regression,12.525323689504601,11.62546762078836,-232.64945978206435,589.4712906813885
usa,Ridge,11.975593793584896,11.194189626080231,-212.5900306868678,569.5626024251195
usa,LASSO,3.085270532848529,2.702472084622277,-13.176641846635292,151.31439812836604
usa,Random Forest,0.8367523310173167,0.6600579931581043,-0.0427512685634619,40.7755101411578
usa,XGBoost,0.9202458139419343,0.7597354299733472,-0.2612307951361179,37.78915615996169
usa,Gradient Boosting,0.8572207596794726,0.6953378259362872,-0.094390274795495,36.27005951724609
