{
  "forecast_h1": {
    "Ridge": {
      "RMSE": 394.99033249653405,
      "MAE": 297.81053224158734,
      "R2": 0.6207360376358428,
      "n_samples": 1409
    },
    "RandomForest": {
      "RMSE": 1882.4937437873173,
      "MAE": 1613.0580138600694,
      "R2": -7.614612136679529,
      "n_samples": 1409
    },
    "GradientBoosting": {
      "RMSE": 1923.360770497318,
      "MAE": 1622.7204288443243,
      "R2": -7.992700986417608,
      "n_samples": 1409
    },
    "Ensemble": {
      "RMSE": 1378.9732999554135,
      "MAE": 1161.2732554276101,
      "R2": -3.622536617886637,
      "n_samples": 1409
    }
  },
  "forecast_h2": {
    "Ridge": {
      "RMSE": 374.5854313008873,
      "MAE": 284.77724107151784,
      "R2": 0.6585510038509805,
      "n_samples": 1408
    },
    "RandomForest": {
      "RMSE": 1826.3278666116792,
      "MAE": 1567.353732508848,
      "R2": -7.116738734564052,
      "n_samples": 1408
    },
    "GradientBoosting": {
      "RMSE": 1926.7165334606013,
      "MAE": 1627.0416818259039,
      "R2": -8.033576437989526,
      "n_samples": 1408
    },
    "Ensemble": {
      "RMSE": 1355.5126698191168,
      "MAE": 1143.745176682256,
      "R2": -3.471273522351847,
      "n_samples": 1408
    }
  },
  "forecast_h3": {
    "Ridge": {
      "RMSE": 356.5283697372231,
      "MAE": 272.5151939113252,
      "R2": 0.6903508394273323,
      "n_samples": 1407
    },
    "RandomForest": {
      "RMSE": 1810.5971831892807,
      "MAE": 1548.7877697433241,
      "R2": -6.985928198937289,
      "n_samples": 1407
    },
    "GradientBoosting": {
      "RMSE": 1901.800253167568,
      "MAE": 1584.7213109821253,
      "R2": -7.810722481538054,
      "n_samples": 1407
    },
    "Ensemble": {
      "RMSE": 1336.351099400187,
      "MAE": 1119.5303157250205,
      "R2": -3.3503366989669026,
      "n_samples": 1407
    }
  },
  "forecast_h4": {
    "Ridge": {
      "RMSE": 345.1010315522573,
      "MAE": 264.8623325758123,
      "R2": 0.7095749265688597,
      "n_samples": 1406
    },
    "RandomForest": {
      "RMSE": 1811.0153096293861,
      "MAE": 1546.594946283734,
      "R2": -6.998081703391441,
      "n_samples": 1406
    },
    "GradientBoosting": {
      "RMSE": 1860.7409816872796,
      "MAE": 1610.4489974285618,
      "R2": -7.443323679971138,
      "n_samples": 1406
    },
    "Ensemble": {
      "RMSE": 1319.5457061938814,
      "MAE": 1125.1479034072856,
      "R2": -3.2461024497212625,
      "n_samples": 1406
    }
  },
  "nowcast_h1": {
    "Ridge": {
      "RMSE": 158.1843238013783,
      "MAE": 120.22706992124996,
      "R2": 0.9391731214756702,
      "n_samples": 1409
    },
    "RandomForest": {
      "RMSE": 1162.6293377076572,
      "MAE": 970.5923068358662,
      "R2": -2.285876231503961,
      "n_samples": 1409
    },
    "GradientBoosting": {
      "RMSE": 1165.5567432133569,
      "MAE": 978.784109824193,
      "R2": -2.302444198442592,
      "n_samples": 1409
    },
    "Ensemble": {
      "RMSE": 765.9577094617354,
      "MAE": 637.5062048717442,
      "R2": -0.42619276510167103,
      "n_samples": 1409
    }
  }
}