Country,Model,Test_RMSE,Test_MAE,Test_R2,Test_MAPE
germany,Linear Regression,0.6248888220747786,0.5476533988596877,0.7086007049050075,136.50379165070282
germany,Ridge,1.6829886064268496,1.4674727731008521,-1.11370968015357,298.84406093505476
germany,LASSO,0.6688323778727725,0.6195755229312117,0.666175995573666,142.21578529498277
germany,Random Forest,2.1081107410905333,2.0015255772147746,-2.3164222996580643,458.77566928825865
germany,XGBoost,1.7610703854023833,1.6067195905201013,-1.3143892982147003,354.11177218153733
germany,Gradient Boosting,1.869477099114333,1.6915437688448254,-1.608094261148251,364.44684545496744
germany,Stacking Ensemble,2.656028380444405,2.4970310131989057,-4.264394262853783,565.0079960934816
