Country,Model,Test_RMSE,Test_MAE,Test_R2,Test_MAPE
france,Linear Regression,1.0998012865700524,0.8404579665027099,0.10292948993021311,74.94267934889294
france,Ridge,0.9651638218485803,0.6718388767085495,0.309123847219531,41.33289223028805
france,LASSO,1.1839175324895561,0.6927277967950087,-0.03953959867168133,46.18209331719982
france,Random Forest,1.3070524355550843,1.0967109711371017,-0.26702199667314597,139.19570577220256
france,XGBoost,1.1917926110698525,0.952065868353722,-0.05341502964687184,95.94465041903278
france,Gradient Boosting,1.1355039718762692,0.8673695429231482,0.04374119148088085,98.28666752015731
france,Stacking Ensemble,0.8749503094784428,0.6686330951914122,0.43223984405792903,57.454818062077415
