Country,Model,Test_RMSE,Test_MAE,Test_R2,Test_MAPE
USA,Linear Regression,1.3389173286811584,1.1365088777905976,-3.2436371366190846,40.50855886832212
USA,Ridge,1.4057178008717133,1.2680342792352925,-3.677642270335661,53.61369058435883
USA,LASSO,1.1464807569453057,0.9874370341417112,-2.111460242503405,34.429160762771765
USA,Random Forest,0.5849432662706101,0.45077048872408004,0.19005000276549067,18.713746003000306
USA,XGBoost,0.6144107351103124,0.46727230288166494,0.10638940989338463,20.08535169886686
USA,Gradient Boosting,0.6249429990420314,0.4811502244943789,0.07549017470958141,21.139687935329007
USA,Stacking Ensemble,0.9120817446373621,0.7395732148927889,-0.9692381617893475,34.775605907029856
