Country,Model,Test_RMSE,Test_MAE,Test_R2,Test_MAPE
canada,Linear Regression,35.67521919059153,32.04711191422314,-461.842527540564,6746.287909330145
canada,Ridge,36.271475085229454,31.98570070810943,-477.44320601008667,7103.461575792812
canada,LASSO,36.47022804330585,32.40942153883326,-482.70092078601846,7177.126875074663
canada,Random Forest,1.8877639726241229,1.6433834747388345,-0.2959711784984913,452.16897835731345
canada,XGBoost,1.5925112828547079,1.2724973680484146,0.07771532512127988,272.22621119490844
canada,Gradient Boosting,2.062895574459208,1.4255602786966868,-0.5475847612238851,156.33310096812377
canada,Stacking Ensemble,20.678630778848696,20.171381149065375,-154.50469795762243,3761.7967536982433
