Country,Model,Test_RMSE,Test_MAE,Test_R2,Test_MAPE
usa,Linear Regression,1.5027285364102105,1.3508133835724212,-4.345542463717962,55.638341096939115
usa,Ridge,2.213523136027847,2.0481578578753687,-10.59842044249452,83.07525064727255
usa,LASSO,1.1464815544009892,0.9874373159012318,-2.1114645709712008,34.42916889064029
usa,Random Forest,0.5816269794509134,0.44429548667599966,0.1992078563688482,18.368496379379263
usa,XGBoost,0.5907679540063885,0.4698382405529879,0.1738392184685913,20.542601433674502
usa,Gradient Boosting,0.5725521312247577,0.45947946071480184,0.22400166796364418,20.067629790169953
usa,Stacking Ensemble,0.9555759533239148,0.7884728938614951,-1.1615293719862505,36.656225024500074
